,Basal,Club,Goblet,Multiciliated,Rare
None,66.70128072,20.11076497,1.869158879,10.93804084,0.380754586
Leptin,,,,,
TNFA,,,,,
ActA,,,,,
OSM,48.65061999,41.94018964,1.057622174,8.169219548,0.182348651
HGF,,,,,
EGF,,,,,
FGF2,,,,,
Adipo,,,,,
IGF1,,,,,
FGF10,,,,,
IL17A,,,,,
IL13,,,,,
BMP4,,,,,
CHIR,,,,,
IFNA,,,,,
IFNG,61.42172524,26.35782748,3.75399361,8.466453674,0
TGFB1,,,,,