,Basal,Club,Goblet,Multiciliated,Rare
None,48.20083682,42.42677824,1.813110181,6.834030683,0.725244073
Leptin,,,,,
TNFA,,,,,
ActA,,,,,
OSM,49.79859013,47.73413897,0,2.316213494,0.151057402
HGF,,,,,
EGF,,,,,
FGF2,,,,,
Adipo,,,,,
IGF1,,,,,
FGF10,,,,,
IL17A,,,,,
IL13,,,,,
BMP4,,,,,
CHIR,,,,,
IFNA,,,,,
IFNG,98.94268225,0.445186422,0.111296605,0.500834725,0
TGFB1,,,,,