,Genes,Cell type,Log2FC,FDR
0,SCGB1A1,Secretory,-1.5249813,0.005231613451180569
